Sys_date,Report_date
2024-06-10 16:53,2024-05-26
2024-06-10 16:56,2024-05-27
2024-06-10 17:42,2024-05-26
2024-06-11 09:35,2024-05-27
2024-06-11 09:49,2024-05-27
2024-06-11 10:33,2024-05-27
2024-06-12 08:13,2024-05-27
2024-06-13 08:13,2024-05-27
2024-06-14 08:12,2024-06-13
2024-06-16 08:12,2024-06-13
2024-06-17 08:14,2024-06-13
2024-06-17 11:30,2024-06-17
2024-06-18 08:15,2024-06-17
2024-06-19 08:13,2024-06-17
2024-06-20 08:14,2024-06-17
2024-06-21 08:14,2024-06-20
2024-06-23 08:12,2024-06-20
2024-06-24 08:14,2024-06-20
2024-06-25 08:14,2024-06-20
2024-06-26 08:14,2024-06-20
2024-06-27 08:14,2024-06-20
2024-06-28 08:13,2024-06-20
2024-06-30 08:13,2024-06-20
2024-07-01 08:15,2024-06-20
2024-07-02 08:14,2024-06-20
2024-07-03 08:14,2024-06-20
2024-07-04 08:14,2024-06-20
2024-07-05 08:14,2024-06-20
2024-07-07 08:12,2024-06-20
2024-07-08 08:14,2024-06-20
2024-07-09 08:12,2024-06-20
2024-07-10 08:15,2024-06-20
2024-07-11 08:14,2024-06-26
2024-07-12 08:15,2024-06-26
2024-07-13 08:12,2024-06-26
2024-07-15 08:14,2024-06-26
2024-07-16 08:15,2024-07-15
2024-07-17 08:14,2024-07-15
2024-07-18 08:14,2024-07-15
2024-07-19 08:14,2024-07-15
2024-07-20 08:12,2024-07-15
2024-07-21 08:13,2024-07-15
2024-07-22 08:15,2024-07-22
2024-07-23 08:15,2024-07-22
2024-07-24 08:13,2024-07-22
2024-07-25 08:14,2024-07-22
2024-07-26 08:13,2024-07-22
2024-07-27 08:12,2024-07-22
2024-07-28 08:12,2024-07-22
2024-07-29 08:14,2024-07-22
2024-07-30 08:14,2024-07-22
2024-07-31 08:14,2024-07-22
2024-08-01 08:14,2024-07-22
2024-08-02 08:14,2024-07-22
2024-08-04 08:13,2024-07-22
2024-08-05 08:15,2024-07-22
2024-08-06 08:14,2024-07-22
2024-08-07 08:15,2024-07-22
2024-08-08 08:14,2024-07-22
2024-08-09 08:15,2024-07-22
2024-08-11 13:20,2024-07-22
2024-08-12 08:15,2024-07-22
2024-08-13 08:14,2024-07-22
2024-08-14 08:14,2024-07-22
2024-08-15 08:14,2024-07-22
2024-08-16 08:15,2024-07-22
2024-08-17 08:13,2024-07-22
2024-08-18 08:13,2024-07-22
2024-08-19 08:15,2024-07-22
2024-08-20 08:15,2024-08-20
2024-08-21 08:15,2024-08-20
2024-08-22 08:14,2024-08-21
2024-08-23 08:15,2024-08-21
2024-08-24 08:13,2024-08-21
2024-08-25 08:13,2024-08-21
2024-08-26 08:16,2024-08-21
2024-08-27 08:15,2024-08-21
2024-08-28 08:14,2024-08-21
2024-08-29 08:15,2024-08-21
2024-08-30 08:15,2024-08-21
2024-08-31 08:14,2024-08-21
2024-09-01 08:14,2024-08-21
2024-09-02 08:16,2024-08-21
2024-09-03 08:15,2024-08-21
2024-09-04 08:14,2024-08-21
2024-09-05 08:15,2024-08-21
2024-09-06 08:15,2024-08-21
2024-09-07 08:14,2024-08-21
2024-09-08 08:13,2024-08-21
2024-09-09 08:17,2024-08-21
2024-09-10 08:15,2024-08-21
2024-09-11 08:15,2024-08-21
2024-09-12 08:15,2024-08-21
2024-09-13 08:15,2024-08-21
2024-09-14 08:15,2024-08-21
2024-09-16 08:16,2024-08-21
2024-09-18 08:15,2024-09-16
2024-09-19 08:16,2024-09-16
2024-09-20 08:16,2024-09-16
2024-09-21 08:14,2024-09-16
2024-09-22 08:14,2024-09-16
2024-09-23 08:16,2024-09-16
2024-09-24 08:17,2024-09-16
2024-09-25 08:17,2024-09-16
2024-09-26 08:16,2024-09-16
2024-09-27 08:16,2024-09-16
2024-09-28 08:15,2024-09-16
2024-09-29 08:15,2024-09-16
2024-09-30 08:18,2024-09-16
2024-09-30 14:46,2024-09-16
2024-10-01 08:17,2024-09-16
2024-10-02 08:16,2024-09-16
2024-10-03 08:16,2024-09-16
2024-10-04 08:16,2024-09-16
2024-10-05 08:15,2024-09-16
2024-10-06 08:14,2024-09-16
2024-10-07 08:15,2024-09-16
2024-10-08 08:16,2024-09-16
2024-10-09 08:16,2024-09-16
2024-10-10 08:16,2024-09-16
2024-10-11 10:42,2024-09-16
2024-10-12 08:14,2024-09-16
2024-10-13 08:15,2024-09-16
2024-10-14 08:17,2024-09-16
2024-10-15 08:16,2024-09-16
2024-10-16 08:16,2024-09-16
2024-10-17 08:16,2024-09-16
2024-10-18 08:16,2024-09-16
2024-10-19 08:15,2024-09-16
2024-10-20 08:15,2024-09-16
2024-10-21 08:17,2024-09-16
2024-10-22 08:16,2024-09-16
2024-10-23 08:16,2024-10-22
2024-10-23 12:35,2024-10-23
2024-10-24 08:16,2024-10-23
2024-10-25 08:16,2024-10-23
2024-10-27 08:16,2024-10-23
2024-10-28 08:17,2024-10-23
2024-10-29 08:16,2024-10-23
2024-10-30 08:17,2024-10-23
2024-10-31 08:15,2024-10-23
2024-11-01 08:16,2024-10-23
2024-11-02 08:15,2024-10-23
2024-11-03 08:14,2024-10-23
2024-11-04 08:16,2024-10-23
2024-11-05 08:16,2024-10-23
2024-11-06 08:17,2024-10-23
2024-11-07 08:15,2024-10-23
2024-11-08 08:15,2024-10-23
2024-11-09 08:14,2024-10-23
2024-11-11 08:16,2024-10-23
2024-11-12 08:16,2024-10-23
2024-11-13 08:16,2024-10-23
2024-11-14 08:16,2024-10-23
2024-11-15 08:16,2024-10-23
2024-11-16 08:15,2024-10-23
2024-11-17 08:15,2024-10-23
2024-11-18 08:18,2024-10-23
2024-11-19 08:17,2024-10-23
2024-11-20 08:17,2024-11-19
2024-11-21 08:17,2024-11-19
2024-11-22 08:17,2024-11-19
2024-11-23 08:15,2024-11-19
2024-11-24 08:15,2024-11-19
2024-11-25 08:18,2024-11-19
2024-11-26 08:17,2024-11-19
2024-11-27 08:18,2024-11-19
2024-11-28 08:17,2024-11-19
2024-11-29 08:17,2024-11-19
2024-11-30 08:15,2024-11-19
2024-12-01 08:16,2024-11-19
2024-12-02 08:18,2024-11-19
2024-12-03 08:17,2024-11-19
2024-12-04 08:18,2024-11-19
2024-12-05 08:18,2024-11-19
2024-12-06 08:17,2024-11-19
2024-12-07 08:15,2024-11-19
2024-12-08 08:16,2024-11-19
2024-12-09 08:18,2024-11-19
2024-12-10 08:18,2024-11-19
2024-12-11 08:18,2024-11-19
2024-12-12 08:17,2024-11-19
2024-12-13 08:18,2024-11-19
2024-12-16 08:19,2024-11-19
2024-12-17 08:18,2024-11-19
2024-12-18 08:56,2024-12-17
2024-12-19 08:17,2024-12-17
2024-12-20 08:16,2024-12-17
2024-12-21 08:14,2024-12-17
2024-12-22 08:14,2024-12-17
2024-12-23 08:17,2024-12-17
2024-12-24 08:16,2024-12-17
2024-12-25 08:16,2024-12-17
2024-12-26 08:16,2024-12-17
2024-12-27 08:16,2024-12-17
2024-12-29 08:15,2024-12-17
2024-12-30 08:16,2024-12-17
2024-12-31 08:16,2024-12-17
2025-01-01 08:16,2024-12-17
2025-01-02 08:16,2024-12-17
2025-01-03 08:16,2025-01-02
2025-01-04 08:14,2025-01-02
2025-01-05 08:14,2025-01-02
2025-01-06 08:17,2025-01-02
2025-01-07 08:16,2025-01-02
2025-01-08 08:16,2025-01-02
2025-01-09 08:16,2025-01-02
2025-01-10 08:16,2025-01-02
2025-01-11 08:14,2025-01-02
2025-01-12 08:14,2025-01-02
2025-01-13 08:17,2025-01-02
2025-01-14 08:16,2025-01-02
2025-01-15 08:16,2025-01-02
2025-01-16 08:15,2025-01-02
2025-01-17 08:15,2025-01-02
2025-01-18 08:13,2025-01-02
2025-01-19 08:13,2025-01-02
2025-01-20 08:17,2025-01-02
2025-01-21 08:16,2025-01-20
2025-01-22 08:16,2025-01-20
2025-01-23 08:16,2025-01-20
2025-01-24 08:16,2025-01-20
2025-01-25 08:14,2025-01-20
2025-01-26 08:13,2025-01-20
2025-01-27 08:17,2025-01-20
2025-01-28 08:16,2025-01-20
2025-01-29 08:16,2025-01-20
2025-01-30 08:15,2025-01-20
2025-01-31 08:15,2025-01-20
2025-02-01 08:14,2025-01-20
2025-02-03 08:17,2025-01-20
2025-02-04 08:16,2025-01-20
2025-02-05 08:15,2025-01-20
2025-02-06 08:16,2025-01-20
2025-02-07 08:16,2025-01-20
2025-02-08 08:14,2025-01-20
2025-02-09 08:14,2025-01-20
2025-02-10 08:16,2025-01-20
2025-02-11 08:16,2025-01-20
2025-02-12 08:16,2025-01-20
2025-02-13 08:16,2025-01-20
2025-02-14 08:16,2025-01-20
2025-02-15 08:14,2025-01-20
2025-02-16 08:14,2025-01-20
2025-02-17 08:17,2025-01-20
2025-02-18 08:16,2025-01-20
2025-02-19 08:17,2025-01-20
2025-02-20 08:16,2025-01-20
2025-02-21 08:16,2025-01-20
2025-02-22 10:36,2025-01-20
2025-02-23 08:21,2025-01-20
2025-02-24 08:17,2025-02-23
2025-02-25 08:17,2025-02-23
2025-02-26 08:17,2025-02-23
2025-02-27 08:17,2025-02-23
2025-02-28 08:16,2025-02-23
2025-03-01 08:15,2025-02-23
2025-03-02 08:15,2025-02-23
2025-03-03 08:18,2025-02-23
2025-03-04 08:15,2025-02-23
2025-03-05 08:17,2025-02-23
2025-03-06 08:17,2025-02-23
2025-03-07 08:17,2025-02-23
2025-03-10 08:14,2025-02-23
2025-03-11 08:17,2025-02-23
2025-03-12 08:18,2025-02-23
2025-03-13 08:18,2025-02-23
2025-03-14 08:16,2025-02-23
2025-03-16 08:15,2025-02-23
2025-03-17 08:18,2025-02-23
2025-03-18 08:17,2025-02-23
2025-03-19 08:17,2025-02-23
2025-03-20 08:17,2025-02-23
2025-03-21 08:17,2025-02-23
2025-03-22 08:15,2025-02-23
2025-03-23 08:15,2025-02-23
2025-03-24 08:18,2025-02-23
2025-03-25 08:18,2025-03-24
2025-03-26 08:17,2025-03-24
2025-03-27 08:17,2025-03-24
2025-03-28 08:18,2025-03-24
2025-03-30 08:15,2025-03-24
2025-03-31 08:19,2025-03-24
2025-04-01 08:18,2025-03-24
2025-04-02 08:18,2025-03-24
2025-04-03 08:18,2025-03-24
2025-04-04 08:18,2025-03-24
2025-04-05 08:15,2025-03-24
2025-04-06 08:15,2025-03-24
2025-04-07 08:18,2025-03-24
2025-04-08 08:18,2025-03-24
2025-04-09 08:19,2025-03-24
2025-04-10 08:18,2025-03-24
2025-04-11 08:39,2025-03-24
2025-04-13 08:16,2025-03-24
2025-04-14 08:19,2025-03-24
2025-04-15 08:19,2025-03-24
2025-04-16 08:18,2025-03-24
2025-04-17 08:18,2025-03-24
2025-04-18 08:17,2025-04-17
2025-04-20 08:15,2025-04-17
2025-04-21 08:18,2025-04-17
2025-04-22 08:18,2025-04-17
2025-04-23 08:18,2025-04-17
2025-04-24 08:18,2025-04-17
2025-04-25 08:18,2025-04-17
2025-04-26 08:16,2025-04-17
2025-04-27 08:16,2025-04-17
2025-04-28 08:45,2025-04-17
2025-04-29 08:19,2025-04-17
2025-04-30 08:18,2025-04-29
2025-05-01 08:18,2025-04-29
2025-05-02 08:18,2025-04-29
2025-05-03 08:16,2025-04-29
2025-05-04 08:16,2025-04-29
2025-05-05 08:19,2025-04-29
2025-05-06 08:19,2025-04-29
2025-05-07 08:19,2025-04-29
2025-05-08 08:19,2025-04-29
2025-05-09 08:18,2025-04-29
2025-05-10 08:16,2025-04-29
2025-05-11 08:16,2025-04-29
2025-05-12 08:20,2025-04-29
2025-05-13 08:19,2025-04-29
2025-05-14 08:19,2025-04-29
2025-05-15 08:19,2025-05-14
2025-05-16 08:19,2025-05-14
2025-05-17 08:16,2025-05-14
2025-05-18 08:16,2025-05-14
2025-05-19 08:21,2025-05-14
2025-05-20 08:19,2025-05-14
2025-05-21 08:19,2025-05-14
2025-05-22 08:19,2025-05-14
2025-05-23 08:18,2025-05-14
2025-05-24 08:16,2025-05-14
2025-05-26 08:27,2025-05-14
2025-05-27 08:19,2025-05-14
2025-05-28 08:19,2025-05-14
2025-05-29 08:19,2025-05-14
2025-05-30 08:18,2025-05-14
2025-06-01 13:53,2025-05-14
2025-06-02 08:20,2025-05-14
2025-06-03 08:20,2025-05-14
2025-06-04 08:20,2025-05-14
2025-06-05 08:19,2025-05-14
2025-06-06 08:19,2025-05-14
2025-06-07 08:17,2025-05-14
2025-06-08 08:17,2025-05-14
2025-06-09 08:21,2025-05-14
2025-06-11 08:19,2025-05-14
2025-06-12 08:19,2025-05-14
2025-06-13 08:19,2025-05-14
2025-06-14 08:17,2025-05-14
2025-06-15 08:17,2025-05-14
2025-06-16 08:20,2025-05-14
2025-06-17 08:20,2025-05-14
2025-06-18 08:19,2025-05-14
2025-06-19 08:19,2025-05-14
2025-06-20 08:19,2025-05-14
2025-06-21 08:17,2025-05-14
2025-06-22 08:17,2025-05-14
2025-06-23 08:20,2025-05-14
2025-06-24 08:20,2025-05-14
2025-06-26 10:15,2025-06-25
2025-06-27 08:19,2025-06-26
2025-06-28 08:17,2025-06-26
2025-06-29 08:17,2025-06-26
2025-06-30 08:20,2025-06-26
2025-07-01 08:20,2025-06-26
2025-07-02 08:20,2025-06-26
2025-07-03 08:19,2025-06-26
2025-07-04 08:19,2025-06-26
2025-07-05 08:17,2025-06-26
2025-07-06 08:17,2025-06-26
2025-07-07 08:21,2025-06-26
2025-07-08 08:20,2025-06-26
2025-07-09 08:20,2025-06-26
2025-07-10 08:20,2025-06-26
2025-07-11 08:20,2025-06-26
2025-07-12 08:17,2025-06-26
2025-07-13 08:17,2025-06-26
2025-07-14 08:21,2025-06-26
2025-07-15 08:20,2025-06-26
2025-07-16 08:20,2025-06-26
2025-07-17 08:20,2025-06-26
2025-07-18 08:20,2025-06-26
2025-07-19 08:18,2025-06-26
2025-07-20 08:18,2025-06-26
2025-07-21 08:23,2025-06-26
2025-07-22 08:21,2025-06-26
2025-07-23 08:21,2025-06-26
2025-07-24 08:21,2025-06-26
2025-07-25 08:20,2025-07-24
2025-07-26 08:18,2025-07-24
2025-07-27 08:18,2025-07-24
2025-07-28 08:22,2025-07-24
2025-07-29 08:21,2025-07-24
2025-07-30 08:21,2025-07-24
2025-07-31 08:21,2025-07-24
2025-08-01 08:21,2025-07-24
2025-08-02 08:18,2025-07-24
2025-08-03 08:18,2025-07-24
2025-08-04 08:22,2025-07-24
2025-08-05 08:21,2025-07-24
2025-08-06 08:21,2025-07-24
2025-08-07 08:21,2025-07-24
2025-08-08 08:21,2025-07-24
2025-08-09 08:18,2025-07-24
2025-08-10 08:18,2025-07-24
2025-08-11 08:22,2025-07-24
2025-08-12 08:20,2025-07-24
2025-08-13 08:20,2025-07-24
2025-08-14 08:20,2025-07-24
2025-08-15 08:20,2025-07-24
2025-08-16 08:17,2025-08-14
2025-08-17 08:18,2025-08-14
2025-08-18 08:22,2025-08-14
2025-08-19 08:19,2025-08-14
2025-08-20 08:19,2025-08-14
2025-08-21 08:19,2025-08-14
2025-08-22 08:19,2025-08-14
2025-08-23 08:16,2025-08-14
2025-08-24 08:16,2025-08-14
2025-08-25 08:20,2025-08-14
2025-08-26 08:20,2025-08-14
2025-08-27 08:18,2025-08-14
2025-08-28 08:18,2025-08-14
2025-08-29 08:18,2025-08-14
2025-08-30 08:16,2025-08-14
2025-08-31 08:16,2025-08-14
2025-09-01 08:20,2025-08-14
2025-09-02 08:19,2025-08-14
2025-09-03 08:18,2025-08-14
2025-09-04 08:18,2025-08-14
2025-09-05 08:17,2025-08-14
2025-09-06 08:15,2025-08-14
2025-09-07 08:15,2025-08-14
2025-09-08 08:20,2025-08-14
2025-09-09 08:19,2025-08-14
2025-09-10 08:18,2025-08-14
2025-09-11 08:18,2025-08-14
2025-09-12 08:17,2025-08-14
2025-09-13 08:15,2025-08-14
2025-09-15 08:19,2025-08-14
2025-09-16 08:19,2025-08-14
2025-09-17 08:18,2025-08-14
2025-09-18 08:18,2025-08-14
2025-09-19 08:18,2025-09-18
2025-09-20 08:16,2025-09-18
2025-09-21 08:15,2025-09-18
2025-09-22 08:19,2025-09-18
2025-09-23 08:18,2025-09-18
2025-09-24 08:18,2025-09-18
2025-09-25 08:18,2025-09-18
2025-09-26 08:19,2025-09-25
2025-09-27 08:15,2025-09-25
2025-09-28 08:15,2025-09-25
2025-09-29 08:20,2025-09-25
2025-09-30 08:19,2025-09-25
2025-10-01 08:19,2025-09-25
2025-10-02 08:17,2025-09-25
2025-10-03 08:17,2025-09-25
2025-10-04 08:15,2025-09-25
2025-10-05 08:15,2025-09-25
2025-10-06 08:18,2025-09-25
2025-10-07 08:19,2025-09-25
2025-10-08 08:19,2025-09-25
2025-10-09 08:18,2025-09-25
2025-10-10 08:18,2025-09-25
2025-10-11 08:16,2025-09-25
2025-10-12 08:16,2025-09-25
2025-10-13 08:20,2025-09-25
2025-10-14 08:17,2025-09-25
2025-10-15 08:19,2025-09-25
2025-10-16 08:20,2025-09-25
2025-10-17 08:19,2025-09-25
2025-10-18 08:16,2025-09-25
2025-10-19 08:16,2025-09-25
2025-10-20 08:19,2025-09-25
2025-10-21 08:20,2025-09-25
2025-10-22 08:21,2025-09-25
2025-10-23 08:19,2025-09-25
2025-10-24 08:19,2025-09-25
2025-10-25 08:16,2025-09-25
2025-10-26 08:16,2025-09-25
2025-10-27 08:20,2025-09-25
2025-10-28 08:19,2025-10-27
2025-10-29 08:19,2025-10-27
2025-10-30 08:18,2025-10-27
2025-10-31 08:18,2025-10-27
2025-11-01 08:16,2025-10-27
2025-11-02 08:16,2025-10-27
2025-11-03 08:20,2025-10-27
2025-11-04 08:20,2025-10-27
2025-11-05 08:19,2025-10-27
2025-11-06 08:20,2025-10-27
2025-11-07 08:19,2025-10-27
2025-11-08 08:17,2025-10-27
2025-11-09 08:16,2025-10-27
2025-11-10 08:21,2025-10-27
2025-11-11 08:19,2025-10-27
2025-11-12 08:20,2025-10-27
2025-11-13 08:19,2025-10-27
2025-11-14 08:19,2025-10-27
2025-11-15 08:17,2025-10-27
2025-11-16 08:17,2025-10-27
2025-11-17 08:21,2025-10-27
2025-11-18 08:20,2025-11-17
2025-11-19 08:19,2025-11-17
2025-11-20 08:20,2025-11-17
2025-11-21 08:20,2025-11-17
2025-11-22 08:17,2025-11-17
2025-11-23 08:17,2025-11-17
2025-11-24 08:21,2025-11-17
2025-11-25 08:20,2025-11-17
2025-11-26 08:20,2025-11-17
2025-11-27 08:21,2025-11-17
2025-11-28 08:20,2025-11-17
2025-11-29 08:18,2025-11-17
2025-11-30 08:17,2025-11-17
2025-12-01 08:23,2025-11-17
2025-12-02 08:22,2025-11-17
2025-12-03 08:20,2025-11-17
2025-12-04 08:21,2025-11-17
2025-12-05 08:20,2025-11-17
2025-12-06 08:18,2025-11-17
2025-12-07 08:17,2025-11-17
2025-12-08 08:23,2025-11-17
2025-12-09 08:22,2025-11-17
2025-12-10 08:21,2025-12-09
2025-12-11 08:22,2025-12-09
2025-12-12 08:21,2025-12-09
2025-12-13 08:18,2025-12-09
2025-12-14 08:18,2025-12-09
2025-12-15 08:24,2025-12-09
2025-12-16 08:22,2025-12-09
2025-12-17 08:22,2025-12-09
2025-12-19 08:21,2025-12-09
2025-12-20 08:19,2025-12-09
2025-12-21 08:19,2025-12-09
2025-12-22 08:22,2025-12-09
2025-12-23 08:22,2025-12-09
2025-12-24 08:21,2025-12-09
2025-12-25 08:21,2025-12-09
2025-12-26 08:21,2025-12-09
2025-12-27 08:19,2025-12-09
2025-12-28 08:20,2025-12-09
2025-12-29 08:23,2025-12-09
2025-12-30 08:21,2025-12-09
2025-12-31 08:21,2025-12-09
2026-01-01 08:21,2025-12-09
2026-01-02 08:21,2025-12-09
2026-01-03 08:19,2025-12-09
2026-01-04 08:20,2025-12-09
2026-01-05 08:24,2025-12-09
2026-01-06 08:22,2025-12-09
2026-01-07 08:22,2025-12-09
2026-01-08 08:22,2025-12-09
2026-01-09 08:22,2025-12-09
2026-01-10 08:19,2025-12-09
2026-01-11 08:19,2025-12-09
2026-01-12 08:23,2025-12-09
2026-01-13 08:22,2025-12-09
2026-01-14 08:22,2025-12-09
2026-01-15 08:23,2025-12-09
2026-01-16 08:21,2025-12-09
2026-01-17 08:19,2025-12-09
2026-01-18 08:19,2025-12-09
2026-01-19 08:24,2025-12-09
2026-01-20 08:24,2025-12-09
2026-01-21 08:24,2025-12-09
2026-01-22 08:23,2025-12-09
2026-01-23 08:22,2025-12-09
2026-01-24 08:19,2026-01-23
2026-01-25 08:20,2026-01-23
2026-01-26 08:24,2026-01-23
2026-01-27 08:25,2026-01-23
2026-01-28 08:23,2026-01-23
2026-01-29 08:31,2026-01-23
2026-01-30 08:30,2026-01-23
2026-01-31 08:22,2026-01-23
2026-02-01 08:25,2026-01-23
2026-02-02 08:35,2026-01-23
2026-02-03 08:29,2026-01-23
2026-02-04 08:33,2026-01-23
2026-02-05 08:35,2026-01-23
2026-02-06 08:34,2026-01-23
2026-02-07 08:23,2026-01-23
2026-02-08 08:25,2026-01-23
2026-02-09 08:42,2026-01-23
2026-02-10 08:43,2026-01-23
2026-02-11 08:40,2026-01-23
2026-02-12 08:38,2026-01-23
2026-02-13 08:35,2026-01-23
2026-02-14 08:24,2026-01-23
2026-02-15 08:26,2026-01-23
2026-02-16 08:39,2026-01-23
2026-02-17 08:38,2026-01-23
2026-02-18 08:37,2026-01-23
2026-02-19 08:36,2026-01-23
2026-02-20 08:33,2026-01-23
2026-02-21 08:22,2026-01-23
2026-02-22 08:24,2026-01-23
2026-02-23 08:41,2026-01-23
2026-02-24 08:38,2026-02-23
2026-02-25 08:40,2026-02-23
2026-02-26 08:38,2026-02-23
2026-02-27 08:34,2026-02-23
2026-02-28 08:21,2026-02-23
2026-03-01 08:24,2026-02-23
2026-03-02 08:36,2026-02-23
2026-03-03 08:33,2026-02-23
2026-03-04 08:31,2026-02-23
2026-03-05 08:33,2026-02-23
2026-03-06 08:30,2026-02-23
2026-03-07 08:23,2026-02-23
2026-03-08 08:23,2026-02-23
2026-03-09 08:37,2026-02-23
2026-03-10 08:33,2026-02-23
2026-03-11 08:33,2026-02-23
2026-03-12 08:35,2026-02-23
2026-03-13 08:32,2026-02-23
2026-03-14 08:27,2026-02-23
2026-03-15 08:29,2026-02-23
2026-03-16 08:49,2026-02-23
2026-03-17 08:43,2026-02-23
2026-03-18 08:40,2026-02-23
2026-03-19 08:35,2026-03-18
2026-03-20 08:33,2026-03-18
2026-03-21 08:25,2026-03-18
2026-03-22 08:27,2026-03-18
2026-03-23 08:48,2026-03-18
2026-03-24 08:43,2026-03-18
2026-03-25 08:42,2026-03-18
2026-03-26 08:46,2026-03-18
2026-03-27 08:42,2026-03-18
2026-03-28 08:32,2026-03-18
2026-03-29 08:33,2026-03-18
2026-03-30 09:05,2026-03-18
2026-03-31 08:50,2026-03-18
2026-04-01 08:56,2026-03-18
2026-04-02 08:49,2026-03-18
2026-04-03 08:44,2026-03-18
2026-04-04 08:34,2026-03-18
2026-04-05 08:36,2026-03-18
2026-04-06 09:02,2026-03-18
2026-04-07 08:56,2026-03-18
2026-04-08 08:54,2026-03-18
2026-04-09 09:00,2026-03-18
2026-04-10 09:01,2026-03-18
2026-04-11 08:36,2026-03-18
2026-04-12 08:39,2026-03-18
2026-04-13 09:48,2026-03-18
2026-04-14 09:10,2026-03-18
2026-04-15 09:12,2026-03-18
2026-04-16 09:11,2026-03-18
2026-04-17 09:09,2026-03-18
2026-04-18 08:41,2026-03-18
2026-04-19 08:45,2026-03-18
2026-04-20 09:52,2026-03-18
2026-04-21 09:18,2026-03-18
2026-04-22 09:13,2026-03-18
2026-04-23 09:20,2026-04-22
2026-04-24 09:25,2026-04-22
2026-04-25 08:43,2026-04-22
2026-04-26 08:53,2026-04-22
2026-04-27 10:09,2026-04-22
2026-04-28 10:08,2026-04-22
2026-04-29 09:59,2026-04-22
2026-04-30 10:01,2026-04-22
2026-05-01 09:27,2026-04-22
2026-05-02 08:59,2026-04-22
2026-05-03 09:17,2026-04-22
2026-05-04 10:07,2026-04-22
2026-05-05 09:56,2026-04-22
2026-05-06 10:10,2026-04-22
2026-05-07 10:16,2026-04-22
2026-05-08 09:09,2026-04-22
2026-05-09 09:12,2026-04-22
2026-05-10 09:24,2026-04-22
2026-05-11 10:55,2026-04-22
2026-05-12 10:26,2026-04-22
2026-05-13 10:17,2026-04-22
2026-05-14 10:09,2026-04-22
2026-05-15 10:15,2026-04-22
2026-05-16 09:25,2026-05-16
2026-05-17 09:41,2026-05-16
2026-05-18 11:39,2026-05-16
2026-05-19 10:56,2026-05-16
2026-05-20 10:44,2026-05-16
2026-05-21 11:15,2026-05-16
2026-05-22 10:44,2026-05-16
2026-05-23 09:45,2026-05-16
2026-05-24 09:49,2026-05-16
2026-05-25 11:47,2026-05-16
2026-05-27 11:31,2026-05-16
2026-05-28 11:32,2026-05-16
2026-05-29 11:22,2026-05-16
2026-05-30 09:52,2026-05-16
2026-05-31 10:09,2026-05-16
2026-06-01 13:29,2026-05-16
2026-06-02 11:59,2026-05-16
2026-06-03 12:37,2026-05-16
2026-06-04 10:57,2026-05-16
2026-06-05 11:20,2026-05-16
2026-06-06 09:57,2026-05-16
2026-06-07 10:23,2026-05-16
2026-06-08 12:23,2026-05-16
2026-06-09 10:54,2026-05-16
2026-06-10 11:33,2026-05-16
2026-06-11 12:05,2026-05-16
2026-06-12 11:39,2026-05-16
2026-06-13 10:23,2026-05-16
2026-06-14 10:45,2026-05-16
2026-06-15 13:49,2026-05-16
2026-06-16 12:47,2026-05-16
2026-06-17 12:11,2026-05-16
2026-06-18 11:46,2026-05-16
2026-06-19 12:00,2026-05-16
2026-06-20 10:28,2026-05-16
2026-06-21 11:11,2026-05-16
2026-06-22 13:29,2026-05-16
2026-06-23 10:57,2026-05-16
2026-06-24 10:43,2026-05-16
2026-06-25 10:37,2026-05-16
2026-06-26 10:45,2026-05-16
2026-06-29 12:25,2026-06-25
2026-06-30 10:51,2026-06-25
2026-07-01 11:18,2026-06-25
2026-07-02 10:31,2026-06-25
2026-07-03 10:29,2026-06-25
2026-07-04 10:02,2026-06-25
2026-07-05 10:05,2026-06-25
2026-07-06 11:58,2026-06-25
2026-07-07 10:49,2026-06-25
2026-07-08 10:10,2026-06-25
2026-07-09 10:51,2026-06-25
2026-07-10 10:46,2026-06-25
2026-07-11 09:21,2026-06-25
2026-07-12 09:45,2026-06-25
2026-07-13 10:53,2026-06-25
2026-07-14 09:50,2026-06-25
2026-07-15 09:55,2026-06-25
2026-07-16 10:01,2026-06-25
2026-07-17 09:50,2026-06-25
2026-07-18 09:17,2026-06-25
2026-07-19 09:46,2026-06-25
2026-07-20 10:44,2026-06-25
2026-07-21 10:19,2026-06-25
2026-07-22 10:19,2026-07-21
2026-07-23 10:13,2026-07-21
2026-07-24 10:10,2026-07-22
2026-07-25 09:40,2026-07-22
2026-07-26 09:53,2026-07-22
2026-07-27 11:13,2026-07-22
2026-07-28 10:28,2026-07-22
2026-07-29 10:32,2026-07-22
2026-07-30 10:17,2026-07-22
2026-07-31 10:31,2026-07-22
2026-08-01 09:52,2026-07-22
2026-08-02 09:50,2026-07-22
2026-08-03 11:15,2026-07-22
2026-08-04 10:30,2026-07-22
2026-08-05 10:28,2026-07-22
2026-08-06 10:32,2026-07-22
2026-08-07 08:50,2026-07-22
2026-08-08 08:32,2026-07-22
2026-08-09 08:34,2026-07-22
2026-08-10 09:11,2026-07-22
2026-08-11 08:46,2026-07-22
2026-08-12 09:05,2026-07-22
2026-08-13 09:05,2026-07-22
2026-08-14 09:01,2026-07-22
2026-08-15 08:19,2026-07-22
2026-08-16 08:20,2026-07-22
2026-08-17 08:35,2026-07-22
2026-08-18 08:27,2026-07-22
2026-08-19 08:28,2026-07-22
2026-08-20 08:29,2026-07-22
2026-08-21 08:31,2026-07-22
2026-08-22 08:20,2026-07-22
2026-08-23 08:21,2026-07-22
